{
  "results": {
    "spatial": {
      "LinearRegression": {
        "MAE": [
          0.35165783484466323,
          0.3435605032305638,
          0.34232009444304595,
          0.34814381961623697,
          0.34774060282165997
        ],
        "RMSE": [
          0.4882727493889493,
          0.460394136531339,
          0.4596691360564722,
          0.4703362519985254,
          0.48668832593665606
        ],
        "R2": [
          -0.0006133090675244368,
          -0.001109862717137089,
          -0.0006821145581452637,
          0.00011509776842288932,
          -0.0010239497768278483
        ]
      },
      "RandomForest": {
        "MAE": [
          0.36041283534027174,
          0.362930725971298,
          0.3376660591892682,
          0.36563410806803437,
          0.3669321181951589
        ],
        "RMSE": [
          0.5649378586315731,
          0.5487837694774156,
          0.5308921123292333,
          0.5588549444299125,
          0.5618054071628676
        ],
        "R2": [
          -0.33949982186479466,
          -0.42240964670842707,
          -0.3348055210986125,
          -0.4116638650644808,
          -0.3338728709067711
        ]
      },
      "GradientBoosting": {
        "MAE": [
          0.35017839318137234,
          0.3449312027862309,
          0.3308315214328355,
          0.34997768911673305,
          0.35523559111568426
        ],
        "RMSE": [
          0.48954151896129633,
          0.46473426478341084,
          0.459525978803704,
          0.474839509964642,
          0.48776961630807164
        ],
        "R2": [
          -0.005820223327553942,
          -0.020073723101504237,
          -5.891589696238597e-05,
          -0.01912345968886453,
          -0.005476902102244718
        ]
      },
      "XGBoost": {
        "MAE": [
          0.35236722230911255,
          0.3445454239845276,
          0.3349684476852417,
          0.35508453845977783,
          0.3557909429073334
        ],
        "RMSE": [
          0.49756434383944353,
          0.4755540245675585,
          0.4644034247600255,
          0.4929543530860192,
          0.49983151398516634
        ],
        "R2": [
          -0.03905808925628662,
          -0.06812453269958496,
          -0.021401047706604004,
          -0.09836447238922119,
          -0.05581998825073242
        ]
      },
      "LightGBM": {
        "MAE": [
          0.3501299288446863,
          0.3453891630640756,
          0.33023820624418293,
          0.34951689051885043,
          0.35283886665954595
        ],
        "RMSE": [
          0.49533745226315534,
          0.46943455866347095,
          0.4631499342494543,
          0.4798879322502085,
          0.49149269377708255
        ],
        "R2": [
          -0.029778056975408695,
          -0.040811994506970484,
          -0.0158946237659241,
          -0.04090899238956336,
          -0.020884811739718456
        ]
      }
    },
    "temporal": {
      "LinearRegression": {
        "MAE": [
          0.34368770971959134,
          0.360700902336701,
          0.3466714906617713,
          0.34711954328330796,
          0.33903380065339267
        ],
        "RMSE": [
          0.4917444236255789,
          0.46548756360351934,
          0.47017314766040547,
          0.4794973924647408,
          0.46324566093659036
        ],
        "R2": [
          -0.009007165472395329,
          -0.005715932699742909,
          -0.004743798780353581,
          -6.636048529862215e-05,
          -0.0006129668409289302
        ]
      },
      "RandomForest": {
        "MAE": [
          0.34880279469597886,
          0.3687180095534623,
          0.3628915473584853,
          0.34358529665485416,
          0.3663109427731757
        ],
        "RMSE": [
          0.5481522461884148,
          0.5518610252439776,
          0.5618273271734112,
          0.5526708732396297,
          0.5587978410413894
        ],
        "R2": [
          -0.25376966856146876,
          -0.4135742074818469,
          -0.4346481700270266,
          -0.32858539384284535,
          -0.4559714041514622
        ]
      },
      "GradientBoosting": {
        "MAE": [
          0.3422918627112402,
          0.365044104607736,
          0.3420871870218548,
          0.33634518393016094,
          0.3459673882360666
        ],
        "RMSE": [
          0.49720584568761145,
          0.47515884725022633,
          0.4750360133755192,
          0.48657419497873383,
          0.4662193456736105
        ],
        "R2": [
          -0.03154413701878034,
          -0.04794093568501534,
          -0.02563483053041593,
          -0.02980374067332825,
          -0.01350054682792301
        ]
      },
      "XGBoost": {
        "MAE": [
          0.3461667597293854,
          0.3739258646965027,
          0.34962376952171326,
          0.33708319067955017,
          0.35168537497520447
        ],
        "RMSE": [
          0.524837500536985,
          0.5092626553078647,
          0.5150034365955983,
          0.5112215203464852,
          0.49205275613660043
        ],
        "R2": [
          -0.1493837833404541,
          -0.20376813411712646,
          -0.20547986030578613,
          -0.13677525520324707,
          -0.12892913818359375
        ]
      },
      "LightGBM": {
        "MAE": [
          0.3437430047902412,
          0.3638585924609825,
          0.34376310788424297,
          0.3375694737921672,
          0.34957042494105395
        ],
        "RMSE": [
          0.5144274678074431,
          0.49579239633281613,
          0.4833363282178654,
          0.4944008302489331,
          0.4764124521713434
        ],
        "R2": [
          -0.10424047613632692,
          -0.1409297099637603,
          -0.061789843994686455,
          -0.06319934953979023,
          -0.058301995140133345
        ]
      }
    }
  }
}